Date,,Berri1,Boyer,Brébeuf,CSC (Côte Sainte-Catherine),Maisonneuve_1,Maisonneuve_2,Maisonneuve_3,Notre-Dame,Parc,Parc U-Zelt Test,PierDup,Pont_Jacques_Cartier,Rachel / Hôtel de Ville,Rachel / Papineau,René-Lévesque,Saint-Antoine,Saint-Laurent U-Zelt Test,Saint-Urbain,Totem_Laurier,University,Viger
01/01/2015,00:00,58,12,4,17,33,49,21,16,16,,7,,58,91,24,3,,17,78,21,6
02/01/2015,00:00,75,7,5,15,30,113,27,9,32,,11,,109,177,32,13,,11,57,77,4
03/01/2015,00:00,79,7,3,7,30,107,36,12,18,,2,,71,131,33,5,,14,174,40,5
04/01/2015,00:00,10,1,21,0,10,35,29,1,0,,0,,6,11,6,1,,1,20,6,0
05/01/2015,00:00,42,0,2,0,27,90,21,1,1,,6,,0,5,49,20,,0,41,56,10
06/01/2015,00:00,101,0,1,1,62,153,38,3,22,,1,,1,12,64,23,,29,121,91,5
07/01/2015,00:00,121,15,5,3,38,144,35,1,43,,0,,11,24,40,3,,5,120,63,4
08/01/2015,00:00,70,0,36,0,39,139,36,4,55,,0,,38,67,21,7,,1,83,78,2
09/01/2015,00:00,88,3,5,0,55,135,26,12,46,,1,,26,63,14,10,,1,166,79,1
10/01/2015,00:00,29,7,6,0,24,70,17,3,20,,0,,15,29,0,7,,0,32,41,1
11/01/2015,00:00,66,4,2,4,16,89,27,3,15,,0,,20,27,11,5,,0,38,32,2
12/01/2015,00:00,183,4,4,16,86,323,62,7,62,,0,,17,99,63,22,,0,84,157,15
13/01/2015,00:00,183,2,9,17,75,250,41,9,77,,7,,10,115,15,26,,0,72,137,20
14/01/2015,00:00,183,2,6,33,84,276,48,16,81,,3,,7,166,19,39,,0,98,153,11
15/01/2015,00:00,183,1,7,32,86,297,52,17,59,,0,,9,198,28,25,,0,62,189,8
16/01/2015,00:00,177,5,2,7,108,280,50,14,62,,4,,15,199,28,23,,0,92,133,8
17/01/2015,00:00,48,2,0,0,46,75,22,3,10,,0,,1,83,5,9,,0,36,24,0
18/01/2015,00:00,84,1,4,2,52,108,34,6,17,,1,,2,127,22,16,,0,30,46,5
19/01/2015,00:00,256,1,1,14,130,321,65,6,55,,0,,15,245,86,37,,0,167,178,11
20/01/2015,00:00,262,3,6,20,134,302,47,21,58,,3,,76,243,70,32,,0,201,164,23
21/01/2015,00:00,242,2,4,36,154,328,41,13,70,,4,,117,280,64,32,,2,221,188,32
22/01/2015,00:00,278,17,5,52,185,382,52,35,63,,3,,137,313,103,49,,1,221,245,43
23/01/2015,00:00,307,8,7,45,196,355,50,22,62,,2,,135,332,123,56,,0,179,206,26
24/01/2015,00:00,163,1,5,14,104,170,33,6,14,,5,,124,200,40,15,,0,136,82,13
25/01/2015,00:00,81,0,1,6,61,95,17,7,11,,0,,65,157,34,8,,0,133,50,16
26/01/2015,00:00,234,3,6,36,157,340,32,24,50,,2,,116,310,108,47,,2,258,194,44
27/01/2015,00:00,276,1,2,51,165,320,57,20,64,,1,,135,276,99,46,,3,263,205,43
28/01/2015,00:00,335,0,12,51,178,384,60,16,45,,0,,118,338,106,49,,10,244,210,36
29/01/2015,00:00,327,10,38,65,207,437,66,19,48,,3,,156,386,139,48,,11,245,231,34
30/01/2015,00:00,181,1,3,9,132,294,57,15,47,,1,,99,233,98,23,,7,155,145,11
31/01/2015,00:00,65,3,0,2,35,95,20,8,5,,1,,57,115,16,8,,3,141,38,3
01/02/2015,00:00,54,2,2,6,32,67,18,13,13,,1,,49,127,17,5,,6,124,27,3
02/02/2015,00:00,127,0,53,10,70,182,48,12,43,,0,,57,144,39,4,,6,529,94,12
03/02/2015,00:00,203,0,45,26,93,273,63,10,46,,0,,65,190,33,16,,6,550,145,10
04/02/2015,00:00,263,1,18,12,88,288,57,14,60,,1,,88,231,33,9,,23,308,144,10
05/02/2015,00:00,236,0,85,4,138,280,44,12,32,,3,,140,293,62,33,,19,246,162,13
06/02/2015,00:00,193,1,36,8,114,261,57,24,36,,0,,82,251,67,17,,15,358,157,15
07/02/2015,00:00,79,3,1,1,48,106,18,2,14,,0,,43,104,26,10,,8,118,54,4
08/02/2015,00:00,36,3,0,0,10,57,11,2,5,,0,,19,51,9,0,,2,299,24,1
09/02/2015,00:00,120,3,13,0,63,205,52,0,40,,0,,52,174,54,4,,2,273,134,5
10/02/2015,00:00,260,2,8,0,156,333,58,0,42,,0,,117,234,95,42,,0,454,183,47
11/02/2015,00:00,300,0,7,0,166,350,73,0,64,,3,,134,248,105,28,,0,343,194,24
12/02/2015,00:00,226,15,16,1,94,289,48,0,48,,0,,112,210,86,18,,8,275,158,14
13/02/2015,00:00,163,3,37,3,96,218,36,13,42,,0,,47,159,79,12,,68,213,129,8
14/02/2015,00:00,53,0,13,1,33,79,12,5,5,,0,,20,92,16,2,,24,78,28,4
15/02/2015,00:00,68,0,5,0,34,103,19,2,6,,2,,41,505,19,3,,11,48,29,7
16/02/2015,00:00,193,0,11,11,103,231,47,13,45,,0,,62,211,82,32,,39,132,119,24
17/02/2015,00:00,250,0,43,29,117,270,63,14,55,,0,,92,251,91,34,,76,133,175,28
18/02/2015,00:00,261,0,19,30,169,322,71,18,45,,3,,126,255,105,24,,85,214,211,31
19/02/2015,00:00,224,0,12,8,69,236,57,11,38,,1,,59,215,86,0,,12,225,146,14
20/02/2015,00:00,137,0,10,0,65,181,34,6,30,,0,,17,91,30,3,,2,124,96,15
21/02/2015,00:00,59,0,10,0,43,89,17,2,2,,3,,23,55,4,4,,16,91,46,6
22/02/2015,00:00,94,0,0,0,52,84,8,0,0,,0,,23,63,22,3,,10,126,25,3
23/02/2015,00:00,170,0,0,0,112,238,42,0,0,,0,,57,221,51,29,,0,107,130,4
24/02/2015,00:00,241,0,7,0,105,247,56,3,0,,0,,62,255,75,40,,2,190,192,8
25/02/2015,00:00,252,0,20,1,136,301,62,2,0,,0,,84,61,104,40,,3,196,196,30
26/02/2015,00:00,250,0,4,12,130,261,62,4,0,,0,,78,25,90,39,,5,223,168,24
27/02/2015,00:00,248,0,5,1,162,249,65,14,0,,0,,86,149,99,43,,4,242,140,24
28/02/2015,00:00,119,0,2,0,80,119,44,3,0,,0,,69,144,19,10,,6,150,56,6
01/03/2015,00:00,96,0,0,1,65,110,22,7,0,,0,,56,144,27,8,,6,151,53,9
02/03/2015,00:00,222,0,4,16,133,318,51,9,1,,0,,102,228,111,41,,18,180,157,24
03/03/2015,00:00,274,0,6,29,61,350,61,12,0,,0,,106,244,111,47,,18,190,187,27
04/03/2015,00:00,247,0,31,0,,317,57,7,1,,0,,139,285,102,21,,5,137,143,24
05/03/2015,00:00,281,0,63,0,,343,68,14,29,,0,,120,328,117,52,,37,217,192,35
06/03/2015,00:00,192,0,6,2,,283,74,7,11,,0,,107,277,95,39,,56,308,148,48
07/03/2015,00:00,98,0,6,7,,140,29,5,8,,0,,101,184,33,14,,58,329,52,10
08/03/2015,00:00,83,0,1,3,,139,26,5,4,,0,,71,157,21,8,,64,161,47,5
09/03/2015,00:00,350,0,12,6,,475,74,12,18,,0,,220,442,143,62,,175,299,281,57
10/03/2015,00:00,516,0,15,61,,757,149,23,36,,0,,294,541,180,78,,309,469,433,68
11/03/2015,00:00,692,0,26,214,,888,230,22,69,,0,,489,718,237,102,,384,574,505,93
12/03/2015,00:00,481,0,31,219,,762,123,19,35,,2,,326,618,183,63,,330,485,449,66
13/03/2015,00:00,401,0,35,199,,610,156,27,44,,1,,328,535,168,63,,315,480,392,56
14/03/2015,00:00,156,0,17,56,,249,70,12,18,,0,,190,279,42,12,,124,276,151,14
15/03/2015,00:00,100,0,17,0,,95,17,1,0,,0,,66,100,26,6,,19,64,34,5
16/03/2015,00:00,327,0,27,1,,483,84,7,1,,0,,217,354,139,46,,77,288,285,23
17/03/2015,00:00,360,0,10,79,,516,93,9,1,,0,,227,409,144,53,,182,336,309,32
18/03/2015,00:00,377,0,5,103,,532,101,14,0,,0,,241,463,134,57,,136,286,342,46
19/03/2015,00:00,435,0,1,0,,608,115,19,1,,0,,236,465,163,68,,224,385,367,38
20/03/2015,00:00,523,0,1,0,,686,156,27,12,,0,,385,521,159,71,,279,387,381,47
21/03/2015,00:00,202,0,0,0,,204,51,5,6,,0,,140,247,48,17,,119,199,88,16
22/03/2015,00:00,110,0,1,0,,107,24,1,2,,0,,87,180,35,7,,70,150,21,13
23/03/2015,00:00,342,0,0,0,,420,86,18,5,,0,,199,387,160,59,,171,342,263,48
24/03/2015,00:00,536,0,4,0,,731,141,45,0,,0,,487,581,201,74,,281,460,409,50
25/03/2015,00:00,658,0,1,0,,906,230,37,0,,0,,470,772,265,70,,374,571,579,72
26/03/2015,00:00,530,0,10,0,,841,197,36,0,,0,,364,646,209,18,,372,484,561,82
27/03/2015,00:00,502,0,9,0,,643,147,42,0,,0,,340,613,182,14,,284,502,363,46
28/03/2015,00:00,313,0,8,54,,384,78,19,0,,3,,354,503,109,2,,211,385,184,22
29/03/2015,00:00,375,0,13,0,,484,123,35,0,,3,,421,570,127,3,,256,419,213,22
30/03/2015,00:00,439,0,21,156,,637,141,47,0,,1,,304,531,187,25,,251,512,410,58
31/03/2015,00:00,729,0,20,449,,1074,242,101,0,,9,,593,1018,306,3,,412,698,664,91
01/04/2015,00:00,989,0,281,594,,1380,272,148,446,,16,,763,1197,343,33,,568,853,834,100
02/04/2015,00:00,870,0,397,601,,1429,337,143,825,,38,,807,1222,396,0,,707,879,839,162
03/04/2015,00:00,993,905,925,520,,1323,344,199,722,,226,,1289,1773,443,0,,662,1002,597,66
04/04/2015,00:00,189,156,60,55,,338,78,29,136,,5,,323,455,65,0,,140,304,147,18
05/04/2015,00:00,228,218,65,114,,379,106,43,234,,19,,365,500,114,0,,238,381,174,24
06/04/2015,00:00,398,282,279,235,,653,175,84,404,,20,,468,729,192,0,,301,509,377,47
07/04/2015,00:00,1294,759,841,873,,1904,400,288,1075,,67,,1001,1443,505,0,,778,1116,1174,136
08/04/2015,00:00,1430,709,985,883,,1883,443,373,1132,,29,,772,1476,580,0,,801,1203,1173,135
09/04/2015,00:00,1498,831,1025,882,,1994,486,336,1172,,43,,917,1664,526,0,,871,1057,1339,165
10/04/2015,00:00,795,446,610,382,,1133,255,165,715,,14,,812,979,271,0,,526,773,716,90
11/04/2015,00:00,779,831,943,467,,1055,316,217,636,,121,,637,1355,298,0,,569,1011,567,70
12/04/2015,00:00,1699,2083,2141,853,,1612,704,667,1078,,589,,2264,2500,777,0,,844,1630,806,75
13/04/2015,00:00,2990,2394,3047,1768,,3636,1139,1182,2332,,439,,2233,3328,1522,0,,1521,2303,2389,327
14/04/2015,00:00,2890,2214,2880,1694,,3561,1049,1028,2199,,306,,2025,3051,1274,0,,1584,2156,2277,292
15/04/2015,00:00,3449,2412,3305,1720,,3986,1118,1283,2500,,483,,2330,3291,1551,0,,1627,2615,2588,297
16/04/2015,00:00,3639,2656,3526,1798,,4300,1189,1269,2514,,496,,2441,3564,1599,0,,1762,2646,2721,345
17/04/2015,00:00,3320,2595,3196,1580,,4153,1192,1091,2327,,436,,2485,3540,1495,0,,1745,2909,2630,316
18/04/2015,00:00,1225,1429,1471,628,,1618,492,384,813,,269,,1372,1853,411,0,,864,1548,730,76
19/04/2015,00:00,2147,2663,2689,1019,,2314,873,891,1302,,977,,2659,3252,1036,0,,1205,2043,1093,101
20/04/2015,00:00,1419,894,1318,711,,1800,495,524,1243,,83,,950,1510,686,0,,808,1287,1328,200
21/04/2015,00:00,1446,946,1370,754,,1898,494,409,1201,,156,0,1187,1609,516,0,,849,1442,1248,137
22/04/2015,00:00,2119,1292,1897,713,,2280,708,734,1595,,152,0,1364,2086,896,0,,1184,1829,1703,237
23/04/2015,00:00,1670,1101,1604,555,,2112,567,513,1384,,136,435,1183,1845,673,0,,996,1550,1404,151
24/04/2015,00:00,1706,1220,1689,794,,2183,615,532,1419,,114,670,1276,1917,678,0,,1052,1800,1473,175
25/04/2015,00:00,1368,1451,1532,625,,1751,515,424,851,,289,734,1539,1962,501,0,,893,1809,856,72
26/04/2015,00:00,1553,1888,2043,821,,1846,711,507,1040,,523,1014,1840,2241,550,0,,998,1874,920,76
27/04/2015,00:00,2317,1550,2196,1125,,2911,825,749,1710,,244,882,1591,2357,1005,0,,1365,1970,1889,213
28/04/2015,00:00,4359,3320,4443,2074,,4881,1437,1791,2920,,860,2453,3165,4244,2194,0,,2419,3269,3193,417
29/04/2015,00:00,4237,3376,4270,1978,,4909,1499,1735,2944,,705,2182,3114,4424,2236,0,,2392,3560,3074,408
30/04/2015,00:00,4433,3408,4343,2095,,5196,1427,1690,2926,,706,2082,3131,4337,2283,0,,2487,3699,3175,390
01/05/2015,00:00,4762,3902,4883,1947,,5481,1503,1744,3028,,917,2186,3634,4643,2334,0,,2536,3964,3249,465
02/05/2015,00:00,4244,4698,4789,1682,,4499,1609,1725,1919,,1529,2358,3898,4993,2027,0,,1932,4017,1746,218
03/05/2015,00:00,4474,4936,5247,1741,,4268,1470,1877,2234,,1627,2609,4924,5666,2076,0,,2063,3877,1870,250
04/05/2015,00:00,5402,4104,5244,2558,,5934,1700,2214,3383,,1060,2349,3192,4593,2845,0,,2775,3968,3764,582
05/05/2015,00:00,6394,4779,6079,2954,,7194,1909,2519,3950,,2213,3125,4097,5124,3289,0,,3302,4342,4457,630
06/05/2015,00:00,6496,5067,6182,2337,,7135,1949,2640,3966,,2293,3102,3906,5936,3394,0,,3335,4301,4396,590
07/05/2015,00:00,6952,5323,6449,3039,,7407,2009,2725,3977,,2445,3156,4173,5541,3564,0,,3451,4728,4474,739
08/05/2015,00:00,6837,5536,6680,2682,,7011,1896,2714,3803,,2633,2899,4277,5891,3432,0,,3410,5151,4089,653
09/05/2015,00:00,2896,3316,3489,1231,,3626,1038,1049,1595,,1753,1657,2914,3785,1290,0,,1673,3018,1615,242
10/05/2015,00:00,2060,2250,2543,965,,2345,788,801,1124,,1067,1171,2146,2746,959,0,,1141,2225,1107,149
11/05/2015,00:00,1490,1070,1424,721,,1872,472,468,1098,,224,529,1327,1500,687,0,,946,1512,1214,125
12/05/2015,00:00,3044,1987,2782,1329,,3935,1011,975,2215,,694,1137,2160,2735,1425,0,,1805,2474,2504,268
13/05/2015,00:00,5747,4293,5328,2416,,6541,1635,2313,3677,,1794,2734,3982,4991,3007,0,,3066,4043,4136,549
14/05/2015,00:00,6505,4732,5968,2650,,6708,1797,2429,3885,,2212,3010,4114,5671,3185,0,,3386,4439,4307,651
15/05/2015,00:00,5533,4066,5188,2127,,6100,1569,2109,3328,,2128,2452,3830,5035,2758,68,,2983,3869,3787,605
16/05/2015,00:00,2433,2640,2616,906,,3199,803,859,1448,,1085,1127,2433,3086,1116,87,,1445,2285,1349,146
17/05/2015,00:00,4634,5099,5404,1594,,4437,1436,2080,2409,,4500,3545,4834,5904,2633,113,,1949,3253,2002,305
18/05/2015,00:00,4155,4351,4682,1490,,3701,1366,1950,1860,,3761,3064,3510,5148,2306,103,,1828,2885,1708,232
19/05/2015,00:00,5203,3422,4645,2015,,5720,1525,1797,3166,,1257,1922,3352,4455,2309,164,,2593,3388,3567,561
20/05/2015,00:00,5698,3840,5240,2418,,5947,1636,2058,3404,,1398,2212,3646,4814,2772,145,,2951,3835,3858,426
21/05/2015,00:00,6031,4271,5598,2423,,6706,1713,2149,3565,,1875,2499,3891,5131,2860,152,,3082,3687,4175,662
22/05/2015,00:00,4478,3118,4121,1697,,5095,1251,1551,2825,,1110,1639,2973,3854,2144,101,,2494,2974,3321,549
23/05/2015,00:00,3285,3171,3484,1129,,3433,947,1107,1549,,1554,1869,3385,3841,1333,98,,1739,2555,1540,267
24/05/2015,00:00,3891,4183,4422,1300,,3971,1321,1487,2063,,2761,2665,4300,4884,1969,78,,1690,2887,1889,309
25/05/2015,00:00,2891,1878,2687,1214,,3096,850,1084,1908,,664,1157,1911,2693,1474,83,,1547,2038,2250,327
26/05/2015,00:00,6492,4555,6124,2555,,6955,1916,2544,3914,,2483,2970,4215,5553,3262,173,,3052,3823,4601,680
27/05/2015,00:00,5964,4132,5809,2301,,6617,1776,2269,3644,,1512,2390,3754,5005,2959,195,,2989,3567,4461,660
28/05/2015,00:00,4657,3156,4376,1858,,5368,1485,1862,2991,,1204,1838,3095,4064,2498,142,,2519,2922,3707,578
29/05/2015,00:00,7093,6153,7322,2719,,7772,2174,2872,4867,,3059,3339,7197,7695,3782,332,,4342,5166,5017,717
30/05/2015,00:00,3304,3716,3783,1250,,3608,1082,1163,1899,,1162,1729,3563,4604,1550,83,,1733,3046,1624,200
31/05/2015,00:00,2430,3524,3329,1720,,3324,945,790,3034,,785,1478,7921,5636,1153,71,,2579,3126,2207,187
01/06/2015,00:00,3319,2178,3011,1304,,3652,939,1067,2074,,338,1075,2311,2794,1508,85,,1778,2465,2704,326
02/06/2015,00:00,3158,2037,2814,1266,,3666,1003,1074,1982,,327,1240,2240,2800,1551,90,,1644,2213,2551,229
03/06/2015,00:00,6444,4736,5983,2616,,6951,1919,2609,3882,,1244,3194,4443,5530,3477,189,,3078,3992,4532,659
04/06/2015,00:00,7242,5461,6843,2863,,7905,2183,3014,4272,,1487,3595,4829,6210,4118,183,,3193,4092,5039,768
05/06/2015,00:00,4074,2763,3660,1490,,4590,1154,1433,2618,,559,1750,2849,3808,1947,151,,1695,2712,2922,431
06/06/2015,00:00,4310,4527,4770,1561,,4326,1334,1841,2125,,1538,2658,4462,5061,2342,109,,1868,3187,2178,334
07/06/2015,00:00,3592,4261,4262,1542,,3804,1241,1682,1982,,1629,3237,4059,4851,2009,72,,1596,2720,1762,294
08/06/2015,00:00,1705,1271,1737,853,,2253,619,625,1238,,168,710,1523,1936,940,75,,1021,1411,1456,176
09/06/2015,00:00,3388,2180,3065,1537,,3785,1035,1281,2206,,515,1382,2346,3093,1722,101,,1754,2313,2546,350
10/06/2015,00:00,6341,4437,5744,2684,,6467,1816,2742,3750,,2338,2918,4138,5317,3482,192,,3077,3593,4197,673
11/06/2015,00:00,6136,4232,5644,2261,,6462,1716,2420,3608,,1802,2540,4009,4825,3195,171,,2908,3665,4136,649
12/06/2015,00:00,3600,2547,3407,1329,,3965,1008,1474,2410,,923,1505,2539,3365,1894,133,,1687,2543,2693,430
13/06/2015,00:00,5493,4943,5433,1577,,4630,1604,2176,2157,,3327,2818,4891,5588,2723,184,,2322,3213,2040,522
14/06/2015,00:00,5253,5064,5531,1713,,4535,1579,2360,2540,,3878,3195,5053,5951,2848,120,,2007,3174,2210,350
15/06/2015,00:00,4427,3165,4169,1884,,5124,1380,1747,2786,,1493,1950,3118,4321,2322,107,,2091,2623,3254,486
16/06/2015,00:00,3120,1969,2757,1179,,3516,985,1032,1884,,709,1289,1998,2688,1473,122,,1341,1943,2217,291
17/06/2015,00:00,7387,5303,7003,2941,,7669,2133,2994,4131,,3317,3755,4893,6221,3805,157,,2873,3912,4698,729
18/06/2015,00:00,6520,4688,6113,2473,,6766,1965,2618,3720,,2324,2778,4197,5348,3295,175,,2633,2269,4246,689
19/06/2015,00:00,6273,4715,5943,2251,,6755,1844,2621,3552,,2248,2691,4501,5163,3417,195,,2618,3605,4026,670
20/06/2015,00:00,5523,5066,5504,1590,,4846,1751,2220,2264,,3938,2998,4400,5634,2669,193,,1982,3168,2219,338
21/06/2015,00:00,2157,2369,2586,938,,2853,876,918,1271,,1090,1322,2673,3140,1129,63,,1001,1883,1246,158
22/06/2015,00:00,5346,4204,5538,2353,,6040,1868,2350,3381,,2092,2839,3939,5167,3143,163,,2126,3311,3954,632
23/06/2015,00:00,4062,3171,4193,1579,,4643,1216,1520,2439,,966,1673,2781,4142,1968,136,,1746,2702,2902,390
24/06/2015,00:00,4818,5447,5085,1759,,4076,1688,2293,2102,,4787,3704,4016,5687,2742,138,,1566,3128,1800,339
25/06/2015,00:00,5953,4986,6312,2494,,7027,1911,2573,3698,,2340,3004,4199,5321,3396,217,,2599,3314,4362,773
26/06/2015,00:00,6768,4938,6539,2140,,6916,1882,2865,3450,,2558,3056,4213,5758,3737,153,,3063,3648,3860,629
27/06/2015,00:00,5175,4399,5065,1347,,4614,1388,2181,2234,,3908,2859,3810,5035,2804,124,,1863,3145,1874,325
28/06/2015,00:00,732,724,836,323,,967,255,277,476,,86,308,792,1132,307,32,,406,855,385,40
29/06/2015,00:00,4305,3201,4406,1846,,5298,1446,1700,2786,,1409,1962,3041,4162,2399,266,,2179,2969,3287,425
30/06/2015,00:00,5449,4144,5376,2038,,6091,1730,2453,3178,,2299,2631,3562,4796,3005,275,,2502,3630,3846,656
01/07/2015,00:00,1459,1360,1724,609,,1617,476,516,768,,462,783,1300,1887,735,111,,864,1410,784,147
02/07/2015,00:00,5790,4824,6187,2370,,6973,1876,2558,3611,,2282,2939,4030,5956,3365,457,,2922,4105,4102,694
03/07/2015,00:00,6806,5188,6570,2209,,7021,1984,2966,3391,,3026,3110,4183,6389,3862,444,,2999,4276,3737,690
04/07/2015,00:00,5559,4558,5370,1402,,3115,1362,2217,2130,,4233,3861,3609,5282,3168,427,,2131,3091,1842,386
05/07/2015,00:00,5144,4434,5091,1364,,4370,1505,2195,2117,,4126,3801,4177,5191,2616,278,,2016,3273,1772,369
06/07/2015,00:00,6049,4914,6493,2347,,6768,2151,2870,3647,,3036,3554,3707,6058,3569,461,,2581,4159,4243,710
07/07/2015,00:00,4590,3484,4726,1787,,5383,1489,1896,2954,,1529,2162,2773,4495,2549,544,,2240,3438,3502,603
08/07/2015,00:00,6586,5329,6724,2575,,7085,2306,3035,3827,,2936,3707,4324,6348,3844,643,,2920,4277,4494,730
09/07/2015,00:00,6339,4947,6263,2393,,7233,2181,2844,3714,,2734,3221,3780,5478,3616,697,,2853,4359,4297,701
10/07/2015,00:00,6371,4966,6341,2007,,6699,1964,2822,3289,,3033,3346,4163,5942,3670,545,,2693,4214,3884,656
11/07/2015,00:00,4801,4363,4965,1288,,4473,1358,1990,1894,,3607,3532,3337,5179,2683,335,,1968,3299,1802,325
12/07/2015,00:00,4043,3908,4278,1257,,3805,1227,1744,1787,,3422,3441,3450,4704,2087,222,,1674,3031,1694,273
13/07/2015,00:00,5388,4282,5728,2145,,6192,1931,2465,3156,,2315,3016,3202,4785,3011,468,,2274,3954,3769,686
14/07/2015,00:00,5361,4107,5597,2083,,6429,1880,2370,3185,,2092,2690,3455,4617,2785,558,,2383,3885,3963,666
15/07/2015,00:00,6904,5074,6809,2628,,7547,2211,2962,3839,,3216,3417,4287,6096,4061,760,,3432,4467,4518,820
16/07/2015,00:00,6870,5003,6658,2452,,7181,2274,2973,3703,,3315,3622,4165,6232,3758,561,,3256,4423,4212,736
17/07/2015,00:00,5189,4085,5365,1880,,5944,1794,2405,3024,,2515,2607,3552,4919,3124,387,,2606,3778,2731,569
18/07/2015,00:00,3017,2559,2938,901,,3306,837,1005,1367,,1323,1579,2403,3440,1630,176,,1686,2443,1029,219
19/07/2015,00:00,2478,2298,2605,878,,2617,865,887,1228,,1457,1651,2309,3067,1112,136,,1273,2332,932,181
20/07/2015,00:00,5807,4628,6215,2315,,6569,2179,2857,3595,,3288,3475,3940,5877,3607,595,,2711,3988,3577,788
21/07/2015,00:00,3114,2222,3195,1247,,3897,1211,1276,2052,,1044,1724,2183,2554,1721,294,,1637,2428,2294,452
22/07/2015,00:00,5396,4174,5628,2296,,6700,9999,2562,3360,,2929,2990,3849,5288,3301,777,,2575,3928,4088,723
23/07/2015,00:00,5414,4226,5476,2187,,6324,1872,2537,3192,,2408,2631,3750,5542,3214,400,,2671,3900,3512,648
24/07/2015,00:00,4051,3306,4378,1422,,4898,1391,1659,2359,,1536,1902,3077,4174,2180,327,,2103,3382,2712,454
25/07/2015,00:00,4193,3666,4524,1225,,3917,1411,1933,1823,,3909,3034,3180,4648,2568,307,,1939,3053,1680,314
26/07/2015,00:00,3136,3236,3642,1133,,2963,1132,1368,1555,,2509,2241,3093,3909,1675,205,,1619,2722,1478,247
27/07/2015,00:00,4756,3730,4858,1887,,5210,1742,2325,2951,,2584,2705,2965,4539,2998,485,,2144,3654,3555,699
28/07/2015,00:00,5495,4139,5797,2091,,6000,1942,2581,3227,,2895,3083,3422,4503,3279,634,,2345,4087,4012,726
29/07/2015,00:00,5555,4294,5982,1935,,5868,1926,2454,3143,,3157,3245,3510,5419,3544,508,,2386,3751,3959,700
30/07/2015,00:00,4635,3389,4759,1652,,5276,1508,1996,2820,,1543,2122,2986,4691,2547,529,,2240,3343,3480,684
31/07/2015,00:00,5486,4165,5625,1746,,5846,1746,2432,2999,,3309,4116,3718,5215,3281,581,,2511,3763,3555,715
01/08/2015,00:00,3809,3268,4043,1084,,3691,1175,1563,1539,,3671,5832,2968,4850,2124,290,,1707,2517,1615,286
02/08/2015,00:00,4176,3879,4438,1389,,3783,1392,1916,1944,,4425,6014,3718,4663,2222,281,,1706,2709,1758,267
03/08/2015,00:00,3842,2866,3997,1544,,4836,1392,1658,2475,,1386,2240,2828,3771,2185,428,,2368,2702,3074,509
04/08/2015,00:00,5689,4141,5688,2147,,6384,1995,2445,3241,,2591,2915,3959,4984,3176,677,,3198,3324,3950,545
05/08/2015,00:00,4806,3719,5100,1981,,5645,1763,2373,2959,,1983,2419,3701,5540,3029,613,,2841,3098,3663,634
06/08/2015,00:00,5722,3876,5456,2118,,5950,1884,2366,3027,,2259,2761,3762,4978,3113,674,,2938,3055,3953,611
07/08/2015,00:00,4846,3782,4985,1680,,5302,1593,2315,2770,,2529,2734,3511,4869,2927,578,,2496,2846,3371,651
08/08/2015,00:00,2593,3730,4416,1233,,3789,1368,1869,1713,,3534,3170,3418,4525,2274,280,,2050,2601,1639,328
09/08/2015,00:00,3508,3324,3983,1126,,3507,1210,1603,1743,,3070,3131,3629,4358,1981,282,,1768,2355,1692,316
10/08/2015,00:00,5191,4023,5373,1949,,5767,1915,2455,3081,,2857,3606,3664,4642,3211,653,,2520,3104,3660,665
11/08/2015,00:00,1557,1322,1753,685,,2033,555,579,1125,,368,759,1393,1745,801,191,,953,1360,1287,151
12/08/2015,00:00,3914,2895,4188,1682,,4871,1465,1426,2599,,1299,1964,3098,3848,1921,556,,2135,2644,3188,407
13/08/2015,00:00,5297,4147,5336,2120,,5963,1741,2213,3242,,2386,2868,3954,5174,2877,586,,2629,3040,3825,626
14/08/2015,00:00,3154,2318,3246,1225,,3504,1038,1245,1968,,961,1902,2371,3227,1783,400,,1661,2132,2180,321
15/08/2015,00:00,3586,3551,3909,1080,,3325,1237,1513,1495,,2655,2791,2915,4132,1920,275,,1677,2258,1533,265
16/08/2015,00:00,3975,3468,4149,1142,,3335,1301,1626,1631,,3179,3169,3511,4320,1911,279,,1519,2442,1469,325
17/08/2015,00:00,4999,4056,5578,2002,,5588,1838,2340,3029,,2449,3132,3578,4665,3011,720,,2075,3210,3300,643
18/08/2015,00:00,5413,4209,5861,2036,,5887,1872,2292,3141,,2450,3100,3661,4727,2978,653,,2235,3203,3898,673
19/08/2015,00:00,5339,4136,5716,2078,,5794,1820,2328,3079,,2321,3012,3826,4720,2979,683,,2177,3306,3782,570
20/08/2015,00:00,5189,4198,5673,1978,,5782,1774,2247,3188,,2091,2726,3682,4833,2821,555,,2317,3340,3835,561
21/08/2015,00:00,4857,3840,5103,1809,,917,1705,1938,2834,,1930,2405,3605,4572,2534,579,,2327,3066,3265,474
22/08/2015,00:00,3907,3871,4324,1293,,1032,1277,1706,1677,,3107,2546,3241,4576,2012,265,,1896,2429,1657,308
23/08/2015,00:00,3742,3816,4250,1368,,914,1360,1670,1837,,3394,3076,3760,4729,1963,272,,1753,2465,1671,281
24/08/2015,00:00,5111,3840,5284,2225,,947,1958,2269,3053,,2162,2966,3271,4662,2864,646,,2186,2930,3777,525
25/08/2015,00:00,6095,4641,6140,2523,,148,2189,2574,3508,,2738,3264,3906,5627,3314,687,,1669,3340,4131,668
26/08/2015,00:00,5644,4371,6033,2658,,8,2250,2468,3492,,2453,3169,4177,5513,3253,700,,1462,3149,4393,633
27/08/2015,00:00,5341,4203,5481,2371,,4,2000,2139,3288,,1743,2684,3879,5475,2849,582,,2239,3207,3876,516
28/08/2015,00:00,5337,4658,5815,2376,,3,2043,2364,3219,,2521,2907,4374,5478,3194,629,,2758,3373,3930,570
29/08/2015,00:00,3455,3629,3708,1185,,4,1247,1330,1583,,2485,2408,3474,4260,1784,246,,1934,2457,1795,224
30/08/2015,00:00,3703,3606,4132,1349,,2,1371,1498,1777,,3281,2906,3946,4510,1848,253,,1803,2568,1697,264
31/08/2015,00:00,5420,4273,5685,2808,,14,2216,2555,3552,,2174,2961,3908,4876,2911,653,,2554,3103,4320,599
01/09/2015,00:00,6289,4896,6759,3334,,154,2442,2780,4051,,2716,3555,4474,5937,3562,711,,2953,3609,4780,644
02/09/2015,00:00,5565,4317,6035,3229,,440,2344,2487,3691,,2540,2941,4212,5478,3200,665,,2794,3395,4540,637
03/09/2015,00:00,5858,4783,6300,3254,,379,2392,2547,4048,,2321,3143,4513,6035,3392,641,,3011,3487,4786,646
04/09/2015,00:00,5521,4394,5770,2728,,148,2124,2422,3797,,2222,2803,4400,5519,3148,639,,2899,3267,4519,527
05/09/2015,00:00,4105,3632,4286,1143,,232,1304,1581,1787,,2952,2814,3550,4520,1991,315,,1878,2277,2025,270
06/09/2015,00:00,3701,3163,3596,1059,,139,1140,1450,1854,,2757,2897,3365,3996,1975,254,,1558,1964,1805,379
07/09/2015,00:00,3124,2838,3496,998,,154,1147,1258,1307,,3004,2754,2496,3603,1630,216,,1245,1851,1413,245
08/09/2015,00:00,6194,3953,5815,2786,,126,2202,2389,4063,,1727,2613,3956,5395,3081,651,,2528,3118,4976,595
09/09/2015,00:00,5792,3592,5132,2696,,180,2010,2154,3844,,1307,2201,3655,4798,2797,729,,2648,3099,4718,666
10/09/2015,00:00,6886,4673,6366,3049,,158,2460,2683,4414,,2232,3070,4507,6333,3492,781,,3083,2498,5596,708
11/09/2015,00:00,6787,4633,6326,2780,,338,2336,2683,4087,,2143,2932,4642,6284,3512,671,,3109,3291,4751,605
12/09/2015,00:00,1641,1479,1748,836,,180,618,540,860,,667,1114,1906,2303,672,109,,1039,1340,1012,97
13/09/2015,00:00,857,788,965,335,,146,342,239,713,,368,726,1322,1491,337,75,,646,801,611,85
14/09/2015,00:00,2564,1755,2593,1509,,290,1085,901,2008,,559,1102,2162,2755,1231,301,,1314,1736,2375,254
15/09/2015,00:00,6763,4553,6233,3283,,523,2423,2620,4452,,2478,3019,4713,5849,3288,748,,3213,3121,5416,564
16/09/2015,00:00,6810,4487,6562,3122,,669,2481,2670,4396,,2485,2964,4847,5897,3394,690,,3057,3278,5438,729
17/09/2015,00:00,6652,4566,6322,2991,,328,2490,2560,4263,,2152,2855,4687,5939,3232,732,,3029,3293,5198,638
18/09/2015,00:00,6391,4534,6242,2490,,167,2244,2553,4025,,2211,2563,4715,5929,3254,698,,2761,3155,4939,681
19/09/2015,00:00,3337,2897,3425,1157,,353,1159,1165,1730,,2043,1878,3184,3942,1480,246,,1563,2076,1868,332
20/09/2015,00:00,3042,3070,2591,1252,,444,1083,1059,1706,,1437,3001,3730,4231,1482,219,,1629,2071,1757,202
21/09/2015,00:00,5371,3768,5474,2885,,943,2185,2305,4059,,1717,2321,4149,5257,2841,729,,2590,2673,4886,629
22/09/2015,00:00,6228,4094,6096,2996,,94,2397,2509,4270,,1911,2728,4521,5678,3159,687,,2766,2878,5159,681
23/09/2015,00:00,6279,4300,5959,3107,,68,2334,2544,4294,,1937,2701,4688,6181,3160,720,,2748,2875,5259,686
24/09/2015,00:00,6520,3921,5690,2912,,29,2282,2226,4247,,1608,2491,4416,5460,2919,670,,2851,2792,5066,646
25/09/2015,00:00,5191,3215,4756,1990,,230,1896,1771,3439,0,1298,2014,3713,4717,2230,568,,2487,2655,4325,532
26/09/2015,00:00,3155,2834,3170,1062,,102,1103,1020,1592,1251,1827,1782,3090,3960,1299,241,,1453,1902,1795,254
27/09/2015,00:00,3325,3161,3717,1162,,74,1158,1261,1698,1713,2719,2484,3706,4230,1616,199,5498,1377,2103,1786,209
28/09/2015,00:00,4313,2537,3869,2154,,447,1662,1577,3164,3131,1063,1711,2827,3711,1935,468,7382,2023,2163,3903,584
29/09/2015,00:00,3318,1782,3012,1677,,353,1281,1122,2439,2423,578,1187,2361,3101,1427,312,5662,1510,1721,3066,394
30/09/2015,00:00,2829,1667,2520,1477,,452,997,878,2242,2245,403,1063,2100,2618,1163,322,5515,1404,1639,2726,269
01/10/2015,00:00,4950,2896,4352,2189,,623,1695,1744,3423,3335,1091,1946,3425,4349,2128,516,7388,2216,2435,3712,496
02/10/2015,00:00,4092,2706,3929,1761,,187,1541,1379,2878,2755,916,1774,3152,4284,1882,469,6178,2076,2133,3523,432
03/10/2015,00:00,2019,1975,2190,800,,20,781,537,1255,1233,721,880,2555,3117,684,135,3936,1202,1547,1353,163
04/10/2015,00:00,1962,1938,2095,798,,13,845,640,1191,1142,1070,1179,2295,2753,805,131,3529,988,1300,1207,147
05/10/2015,00:00,4365,2575,4056,2175,,12,1736,1630,3261,3123,1013,1735,3060,4025,1985,505,6417,2067,2043,4075,518
06/10/2015,00:00,4986,2900,4566,2224,,53,1815,1724,3411,3287,1291,2046,3286,4601,2140,578,6794,2179,2112,4211,527
07/10/2015,00:00,4943,3021,4555,2314,,49,1769,1761,3360,3330,1184,1962,3393,4493,1935,564,7022,2202,2260,4206,533
08/10/2015,00:00,4710,2943,4466,2126,,316,1786,1656,3320,3209,928,1810,3355,4335,2031,514,6786,2129,2026,4115,523
09/10/2015,00:00,1538,938,1486,682,,260,574,477,1311,1283,160,566,1367,1872,642,191,2805,932,1057,1421,156
10/10/2015,00:00,1653,1437,1904,571,,291,571,488,982,955,811,999,2043,2384,659,159,3155,966,1204,1094,124
11/10/2015,00:00,1574,1436,1733,585,,162,567,492,899,876,685,1010,1811,2121,644,126,2643,787,1015,936,139
12/10/2015,00:00,2592,2611,3105,1029,,327,1058,1194,1405,1367,2664,2198,3013,3561,1518,223,4086,1051,1437,1220,213
13/10/2015,00:00,3457,1767,3065,1500,,211,1286,1178,2477,2425,557,1257,2249,3125,1457,362,4993,1507,1460,2965,410
14/10/2015,00:00,4321,2407,3875,1909,,380,1501,1417,3100,3041,719,1563,2895,3667,1836,530,6346,1748,1801,3924,454
15/10/2015,00:00,3583,2047,3274,1484,,89,1075,1040,2530,2489,501,1221,2369,3169,1422,379,6386,1670,1583,3043,394
16/10/2015,00:00,3424,2031,3144,1294,,266,1187,966,2406,2322,600,1092,2568,3271,1317,443,5665,1598,1698,2984,331
17/10/2015,00:00,963,1037,1167,370,,689,326,293,699,1455,129,409,1286,1493,329,59,2241,615,853,726,87
18/10/2015,00:00,1062,1057,1306,423,,882,338,324,782,763,252,574,1436,1627,422,60,2832,635,887,815,89
19/10/2015,00:00,2717,1752,2555,955,,166,1027,910,2119,2092,445,1018,1981,3045,1152,344,4782,1295,1411,2529,352
20/10/2015,00:00,3750,2280,3568,1322,,61,1550,1276,2799,2730,832,1511,2550,3460,1561,398,6260,1632,1755,3427,397
21/10/2015,00:00,3717,2258,3465,1391,,244,1273,1208,2774,2728,709,1441,2556,3546,1561,394,5964,1717,1789,3198,383
22/10/2015,00:00,3207,1723,2909,1093,,85,1023,849,2191,2154,468,1046,2202,2925,1173,333,4946,1317,1505,2677,333
23/10/2015,00:00,3142,2034,3048,1129,,143,1088,1340,2307,2271,569,1192,2343,3254,1311,364,5416,1526,1614,2722,345
24/10/2015,00:00,1491,1434,1750,594,,168,556,536,1015,1015,465,843,1888,2273,533,101,3213,871,1201,1026,117
25/10/2015,00:00,890,971,1009,448,,110,344,342,646,629,174,380,1141,1462,327,65,2107,528,805,725,81
26/10/2015,00:00,3012,1930,2931,1369,,230,1114,1074,2379,2372,611,1201,2141,3099,1368,402,5484,1505,1540,2940,393
27/10/2015,00:00,3301,2110,3222,1491,,340,1216,1180,2737,2701,761,1339,2367,3381,1511,385,5706,1626,1773,3184,422
28/10/2015,00:00,1733,999,1643,830,,198,653,631,1512,1495,200,581,1301,1909,749,174,3367,956,1050,1868,230
29/10/2015,00:00,2249,1233,2014,1043,,1203,789,765,1876,1825,230,638,1671,2272,861,265,4024,1076,1292,2170,275
30/10/2015,00:00,2630,1746,2632,1212,,121,991,960,2160,2121,468,1079,2127,2913,1133,328,4869,1450,1638,2593,322
31/10/2015,00:00,1396,1347,1557,478,,30,506,490,913,896,418,666,1541,2049,486,113,3078,867,1178,937,103
01/11/2015,00:00,529,644,715,227,,38,218,218,459,461,41,219,723,1111,179,43,1554,410,611,446,50
02/11/2015,00:00,3177,1975,2912,1457,,47,1136,1096,2455,2380,571,1124,2228,3198,1364,351,5253,1472,1434,2985,451
03/11/2015,00:00,3738,2279,3378,1558,,181,1285,1242,2630,2641,785,1264,2502,3511,1533,396,5939,1678,1742,3316,441
04/11/2015,00:00,3757,2351,3464,1704,,33,1334,1296,2747,2837,809,1341,2482,3584,1606,399,6079,1735,1823,3184,381
05/11/2015,00:00,3774,2407,3513,1694,,273,1334,1293,2820,3072,804,1299,2426,3590,1537,372,6258,1772,1855,3313,375
06/11/2015,00:00,2613,1477,2334,1025,,177,879,853,1935,2395,301,701,2130,2675,1016,271,4522,1205,1430,2234,309
07/11/2015,00:00,1879,1481,1838,595,,343,606,593,1076,1326,491,707,1719,2251,590,120,2688,923,1215,1163,124
08/11/2015,00:00,1240,1254,1470,514,,151,452,436,787,2121,334,566,1301,1920,367,79,2302,704,989,812,95
09/11/2015,00:00,2972,1855,2857,1327,,44,1076,1043,2360,3604,500,1055,2370,3005,1226,321,4057,1500,1376,2758,377
10/11/2015,00:00,3385,2006,3018,1491,,3663,1201,1164,2508,3772,671,1144,2435,3293,1449,336,4214,1638,1640,3002,377
11/11/2015,00:00,3044,1931,2828,1393,,3603,1754,1142,2342,3997,458,950,2328,3280,1210,338,4065,1534,1527,2860,356
12/11/2015,00:00,1751,930,1670,888,,2048,700,675,1566,2945,152,467,1345,1877,755,180,2336,960,955,1777,198
13/11/2015,00:00,1818,906,1711,873,,2115,634,477,1522,1693,150,482,1416,1980,719,204,2628,978,1040,1727,258
14/11/2015,00:00,979,759,978,322,,1112,290,310,601,604,98,266,1061,1448,269,70,1876,640,805,737,73
15/11/2015,00:00,913,749,1028,348,,1128,303,224,666,663,224,380,1094,1491,321,64,1913,537,804,685,63
